Name,Description
Drivers,Premium equipment used to hit the ball from the tee box with maximum distance
Fairway Woods,Versatile clubs designed for accuracy and distance from the fairway
Hybrids,Modern clubs that combine characteristics of irons and woods for improved playability
Irons,Essential clubs for mid-range shots with precision and control
Wedges,Short-distance clubs for approach shots around the green
Putters,Specialized clubs used on the green to complete each hole
Golf Balls,High-performance balls designed for distance and control
Golf Bags,Durable bags to carry and organize your golf equipment during play
Golf Shoes,Professional footwear designed for comfort and traction on the course
Golf Gloves,Protective hand wear for improved grip and comfort
Golf Apparel - Shirts,Comfortable and breathable tops for playing in various conditions
Golf Apparel - Pants,Professional trousers designed for mobility and style on the course
Golf Apparel - Jackets,Weather-resistant outerwear to keep you comfortable in any season
Golf Accessories,Small items like tees, markers, and divot tools for everyday play
Training Aids,Equipment designed to improve your swing and golf technique
Golf Rangefinders,Devices to measure distance to fairway and green targets
Golf GPS Watches,Wearable technology for on-course navigation and statistics
Golf Towels,Quality towels for cleaning clubs and drying hands during play
Golf Umbrellas,Weather protection for rainy days on the course
Golf Push Carts,Lightweight carts to transport your bag without carrying

Callaway Paradym Driver,High-performance driver with advanced aerodynamics for maximum distance,45
TaylorMade Stealth Plus Driver,Precision-forged driver with optimal weight distribution,38
Titleist TSR2 Driver,Player-friendly driver with excellent forgiveness,42
Ping G425 Driver,Forgiving driver with adjustable loft settings,35
Cobra Radspeed XB Driver,Extreme forgiveness driver for slower swing speeds,52

Callaway Paradym Fairway Wood,Versatile fairway wood for accurate long shots,28
TaylorMade Stealth Plus Fairway Wood,Distance-focused fairway wood with premium feel,31
Titleist TSR2 Fairway Wood,Game-improvement fairway wood with solid performance,25
Ping G425 Fairway Wood,Forgiving fairway wood for consistent results,29
Cobra Radspeed XB Fairway Wood,Maximum forgiveness fairway wood,33

Callaway Paradym Hybrid,Playable hybrid for versatile shot-making,18
TaylorMade Stealth Plus Hybrid,Sophisticated hybrid with excellent ball striking,22
Titleist TSR Hybrid,Precision hybrid for lower-trajectory shots,20
Ping G425 Hybrid,Confidence-inspiring hybrid performance,24
Cobra Radspeed Hybrid,Game-improvement hybrid for all golfers,26

Callaway Apex Pro Irons,Tour-quality irons for skilled players,8
TaylorMade P790 Irons,Forgiving players irons with premium feel,12
Titleist AP3 Irons,Game-improvement irons for better all-around play,10
Ping i525 Irons,Distance-oriented irons for moderate swing speeds,15
Cobra King Forged Irons,Maximum workability with excellent ball control,9

Callaway Apex Wedge,Precise wedge for short game mastery,16
TaylorMade Milled Grind 2 Wedge,Tour-inspired wedge with spin and control,19
Titleist SM8 Wedge,Premium wedge with exceptional versatility,14
Ping Glide 4.0 Wedge,Everyday wedge for consistent performance,17
Cobra King Wedge,Forgiving wedge with added forgiveness,13

Callaway Odyssey Stroke Lab Putter,Tour-quality putter with modern technology,5
TaylorMade Spider X Putter,High-MOI putter for consistent distance control,7
Titleist Scotty Cameron Phantom X Putter,Premium handcrafted putter for perfectionists,3
Ping PP59 Putter,Classic putter design with modern performance,6
Odyssey DFX Putter,Beginner-friendly putter with forgiving design,8

Titleist Pro V1 Golf Balls,Premium golf balls for exceptional control and distance,250
TaylorMade TP5 Golf Balls,Tour-quality balls with premium spin control,220
Callaway Chrome Soft Golf Balls,High-performance balls with consistent flight,280
Bridgestone Tour B XS Balls,Tour professional golf balls with exceptional feel,195
Srixon Z-Star XV Balls,Premium performance balls with yellow visibility,240

Callaway Org 14 Golf Bag,14-slot carry bag with premium construction,12
TaylorMade FlexTech Golf Bag,Lightweight and durable stand bag,15
Titleist Cart 14 Golf Bag,Full-size cart bag with ample storage,8
Ping DLX Golf Bag,Premium leather cart bag with elegant design,10
Odyssey Ai-One Golf Bag,Modern stand bag with innovative features,9

FootJoy Pro SL Golf Shoes,Lightweight professional golf shoes with comfort,22
Nike Infinity Tour Golf Shoes,Waterproof touring shoes with excellent support,18
Adidas Tour 360 Boost Golf Shoes,Premium golf shoes with stability technology,25
Puma Grip Fusion Golf Shoes,Innovative grip technology golf shoes,20
Callaway Coronado Golf Shoes,Casual-professional golf shoes for everyday play,28

Callaway Weather Spann Golf Glove,Premium glove with excellent durability,35
TaylorMade Tour Preferred Golf Glove,Professional tour glove for ultimate feel,32
Nike Golf Glove,Breathable and comfortable everyday glove,38
Footjoy WeatherSof Glove,Waterproof glove for all-weather play,40
Ping Sensor Excel Glove,Cabretta leather glove with outstanding grip,36

Nike Dri-FIT Polo Golf Shirt,Breathable performance golf shirt,55
Callaway Swing Tech Polo,Technology-enhanced golf polo,48
TaylorMade Performance Polo,Moisture-wicking polo for comfort,52
Adidas Golf Polo,Premium golf polo with modern styling,45
Titleist Tour Performance Shirt,Professional tour-quality polo shirt,50

Callaway Chev Golf Pants,Comfortable and stylish golf trousers,42
Nike Flex Golf Pants,Performance pants with mobility,38
TaylorMade Tour Slim Pants,Professional fit golf pants,40
Adidas Ultimate Golf Pants,Modern and comfortable golf trousers,44
Titleist Tour Performance Pants,Premium quality golf pants,39

Nike Storm-Fit Golf Jacket,Waterproof and breathable jacket,28
TaylorMade Tour Response Jacket,Professional tournament-grade jacket,26
Callaway Aquapel Golf Jacket,Water-resistant golf jacket,30
Puma Golf Rain Jacket,Lightweight packable rain jacket,32
Adidas Ultimate Golf Jacket,All-weather protection jacket,29

Callaway Golf Tee Pack,Premium wooden tees 100-pack,85
TaylorMade Restart Golf Tees,High-performance synthetic tees,72
Golf Ball Markers,Custom ball markers 12-pack,180
Divot Tool with Marker,Essential course maintenance tool,95
Golf Towel Clip,Convenient towel attachment,120

SuperSpeed Golf Training System,Science-based swing speed training,4
Orange Whip Golf Trainer,Pre-swing warm-up training tool,6
SKLZ Gold Flex Golf Trainer,Flexibility and strength training,8
Impact Snap Training Aid,Wrist lag and power development,7
Tour Striker Smart Ball,Alignment and swing path training,9

Bushnell Pro X3 Rangefinder,Laser rangefinder with slope technology,11
Nikon Coolshot Pro Stabilized,Vibration reduction rangefinder,8
Titleist Pro Pinseeker Tour,Tour-level rangefinder accuracy,9
Garmin Approach Z82,Premium GPS rangefinder watch,5
Leupold GolfLink Digital,Dependable golf rangefinder,10

Garmin Approach S42,Basic GPS golf watch,7
Garmin Approach S62,Advanced GPS golf watch,5
Apple Watch Ultra,Versatile smartwatch with golf apps,3
Callaway Golf Watch,Simple golf-specific GPS watch,8
Bushnell iON Edge Golf GPS,Advanced wearable GPS device,4

Callaway Tour Towel,Premium microfiber golf towel,65
TaylorMade Performance Towel,High-quality golf towel,58
Titleist Players Collection Towel,Professional golf towel,62
Ping Golf Towel,Durable and absorbent towel,70
Odyssey Golf Towel,Soft and quick-drying towel,66

Callaway Umbrella,Large golf umbrella with UV protection,28
Nike Golf Umbrella,Professional golf umbrella,25
TaylorMade Tour Umbrella,Tour-quality weather protection,22
Titleist Golf Umbrella,Premium umbrella for all conditions,20
Proactive Golf Umbrella,Extra-large umbrella protection,30

Callaway Push Cart,3-wheel golf push cart,18
Sun Mountain Push Cart,Lightweight aluminum push cart,14
Bag Boy Push Cart,Sturdy push cart with braking system,16
PGA Tour Pro Push Cart,Premium quality push cart,9
Izzo Golf Push Cart,Durable and reliable push cart,13
